<?xml version="1.0" encoding="UTF-8"?>
<project-private xmlns="http://www.netbeans.org/ns/project-private/1">
    <open-files xmlns="http://www.netbeans.org/ns/projectui-open-files/2">
        <group>
            <file>file:/home/wad55/NetBeansProjects/employee/web/register.html</file>
            <file>file:/home/wad55/NetBeansProjects/employee/web/login.html</file>
            <file>file:/home/wad55/NetBeansProjects/employee/web/update.html</file>
            <file>file:/home/wad55/NetBeansProjects/employee/web/delete.html</file>
            <file>file:/home/wad55/NetBeansProjects/employee/web/search.html</file>
        </group>
    </open-files>
</project-private>
